vector_size,window,min_count,sg,moor_variance_mean_sim,moor_mean_std,moor_sim_range,moor_trend_strength,moor_n_decades,moor_coverage,inboorling_variance_mean_sim,inboorling_mean_std,inboorling_sim_range,inboorling_trend_strength,inboorling_n_decades,inboorling_coverage,total_records,avg_coverage
50,3,1,0,0.0003413800298226885,0.035743295649844166,0.05503019258679398,0.09947369784409775,10,1.0,0.03167731720219219,0.30499649982993327,0.5193214130668715,0.23025153777770815,10,1.0,20,1.0
50,3,1,1,0.00013292582804902046,0.027266083683456788,0.03897211346707785,0.13044887316797243,10,1.0,0.02165489786046514,0.18093289133533833,0.40852301663125135,0.14374500852030472,10,1.0,20,1.0
50,3,2,0,0.00020423069988804616,0.03442068500036751,0.04427005753373603,0.04809276137901837,10,1.0,0.023102596651092756,0.18838022264014098,0.5095828102803412,0.512924388697049,10,1.0,20,1.0
50,3,2,1,0.0002689518067943887,0.02742100197271522,0.04792796001785471,0.11855785292941161,10,1.0,0.001069974153634066,0.04637794900021244,0.10675958851359679,0.4842230885787609,10,1.0,20,1.0
50,3,3,0,0.0015360856835425064,0.082919023796066,0.13249084249604126,0.39837399382972205,10,1.0,0.02568644869735992,0.21526276879586037,0.5367352418298641,0.4342176968708642,10,1.0,20,1.0
50,3,3,1,0.0011251499609910964,0.06624765713177556,0.11242530949576357,0.324116747008734,10,1.0,0.008264172354564779,0.12366532546835578,0.3276768760192642,0.4906092728478582,10,1.0,20,1.0
50,3,4,0,0.004018358502226663,0.13426238844471894,0.1930331026957005,0.5258563401379656,10,1.0,0.03918531232355464,0.22591402486772,0.6084318378943103,0.3885102280074812,10,1.0,20,1.0
50,3,4,1,0.0027314281136950843,0.10034011881511855,0.15085735582760695,0.4640192650330932,10,1.0,0.02934711854275599,0.20203474527893633,0.5683918669274487,0.5247262701371858,10,1.0,20,1.0
50,3,5,0,0.0033125910659560893,0.16050201909700254,0.16228162080908837,0.3188274836253698,10,1.0,0.04178188774284995,0.2338089111482216,0.6045507278081087,0.2992676008769427,10,1.0,20,1.0
50,3,5,1,0.003028399775820156,0.1230390282647428,0.16679492583965372,0.3529905491693467,10,1.0,0.031146462782664013,0.20532574826348596,0.5702831131210013,0.3865897662713565,10,1.0,20,1.0
50,5,1,0,0.0004316846991632756,0.04141786683480698,0.0722282981254716,0.12765789686170104,10,1.0,0.03137958700276336,0.25906005474234295,0.5228001350780265,0.17802917898541173,10,1.0,20,1.0
50,5,1,1,0.00023716494577270494,0.029201809229053903,0.057253142932710444,0.00971974140285357,10,1.0,0.0015903959646197427,0.061414316448504445,0.14911407569916812,0.39673821220100297,10,1.0,20,1.0
50,5,2,0,0.00016508867979461993,0.028993320592430167,0.041197390609410744,0.18046989169199742,10,1.0,0.013989880123233957,0.1436199966323753,0.4054675675857995,0.5001085053711116,10,1.0,20,1.0
50,5,2,1,0.0005352441937857908,0.04061128819379876,0.08345816222488911,0.1493503908220603,10,1.0,0.002388372622573995,0.06741487571509562,0.13925532190813006,0.4088203584082717,10,1.0,20,1.0
50,5,3,0,0.001243357230675832,0.07734550923027787,0.11317259551085923,0.5289607746551142,10,1.0,0.025029886640790262,0.19687758617896828,0.5148500321386921,0.5733928715373422,10,1.0,20,1.0
50,5,3,1,0.00028159224406354926,0.06015244654036691,0.04967648719326434,0.20616377960606658,10,1.0,0.0008803092046468933,0.08733507022399799,0.10073085063195963,0.14931283589674005,10,1.0,20,1.0
50,5,4,0,0.0042589168431547975,0.133020787033559,0.2203108889445835,0.5715409322224477,10,1.0,0.03645266444737941,0.22025531219039407,0.6054276985161433,0.4090638324017002,10,1.0,20,1.0
50,5,4,1,0.0024215612392872216,0.09272248877927924,0.17628109017461668,0.3857169624980485,10,1.0,0.01587651037148559,0.15705618747239328,0.4637616377959185,0.3797595755069872,10,1.0,20,1.0
50,5,5,0,0.0034613207534755592,0.15310649277523328,0.1714505671740122,0.3076763398735546,10,1.0,0.03800358756156961,0.22271805432118125,0.5734617071047304,0.28356713385216636,10,1.0,20,1.0
50,5,5,1,0.0022423130236254004,0.11011981469607135,0.12930507993663087,0.15659937123853304,10,1.0,0.02301936200842361,0.1840401187560317,0.5150332729271113,0.2852164667514108,10,1.0,20,1.0
50,7,1,0,0.00024752696724597816,0.03570550721415811,0.05061508532143,0.00035631075336046866,10,1.0,0.03486685578174613,0.24280524345480042,0.5335638903772334,0.14020524622610817,10,1.0,20,1.0
50,7,1,1,0.00016382702525264352,0.031900701467035324,0.045028852217972815,0.29071562473176926,10,1.0,0.0003137642887462598,0.04403229953525086,0.05990414051855886,0.16772250109785203,10,1.0,20,1.0
50,7,2,0,0.00013119428674825178,0.02348943656209934,0.03825225986711922,0.30659385788385346,10,1.0,0.012656037143525914,0.13893992909869118,0.3895818521872201,0.5197354966397815,10,1.0,20,1.0
50,7,2,1,0.0005919734299359308,0.03803965422271601,0.0858510939577577,0.05672317894209066,10,1.0,0.00827514216712925,0.11349808727233834,0.25319308587913236,0.489207676796577,10,1.0,20,1.0
50,7,3,0,0.001166246607407502,0.07435327355156743,0.1184693775712855,0.3718391718064325,10,1.0,0.02184271859777946,0.18547154323178686,0.5005465830466702,0.5262766616585792,10,1.0,20,1.0
50,7,3,1,0.00048452773264684765,0.06280202803575358,0.08027232447462684,0.22016569943587389,10,1.0,0.002457432082005248,0.10281449753154932,0.18179205388697284,0.42477985723633893,10,1.0,20,1.0
50,7,4,0,0.004377658278299149,0.1301205261727622,0.20678985717626586,0.500482700527884,10,1.0,0.035664329044964777,0.21897281211195022,0.6000417091311986,0.43582588342782996,10,1.0,20,1.0
50,7,4,1,0.0021039019333984887,0.09310736669286365,0.15755022866335688,0.3662678292308848,10,1.0,0.010511370885559552,0.15034802061302088,0.35870785032589614,0.2697813488738585,10,1.0,20,1.0
50,7,5,0,0.003563545930398937,0.15563447329789243,0.17729767495876814,0.270497849640702,10,1.0,0.03853087885618407,0.22355816255192296,0.598714639750528,0.3371155963839198,10,1.0,20,1.0
50,7,5,1,0.0028632254680277074,0.11309459424298643,0.17021427765232566,0.22254274855145836,10,1.0,0.020597523139746516,0.17439729009770366,0.4872446428431026,0.14138670982889406,10,1.0,20,1.0
50,10,1,0,0.0001763246215442004,0.03554124182144282,0.03992995810626332,0.13120181351518573,10,1.0,0.033422643072202565,0.2200546094842531,0.4987186073443969,0.13026668265545405,10,1.0,20,1.0
50,10,1,1,0.000757852039586418,0.044456595592142746,0.09747978415073921,0.030582142916273033,10,1.0,0.004765845422655289,0.0937737559305111,0.20047500062751156,0.4840188224378053,10,1.0,20,1.0
50,10,2,0,0.00016027807758298227,0.026328409126066977,0.0484806616315564,0.41632423841532273,10,1.0,0.009189684222730882,0.11640719480019382,0.3324159569064661,0.5302531842693577,10,1.0,20,1.0
50,10,2,1,0.001424798467801356,0.05499840738265682,0.10615973379053201,0.3220483685142259,10,1.0,0.011059602173865115,0.1308089554317065,0.3100278160317396,0.5316864281777656,10,1.0,20,1.0
50,10,3,0,0.001371003195213731,0.07371455116739717,0.1292634237992556,0.4656125481846494,10,1.0,0.02457353411395711,0.1888205844040764,0.5273343187458781,0.5565437659952005,10,1.0,20,1.0
50,10,3,1,0.001223310764812705,0.06912418522407476,0.12772706834040204,0.376715325907376,10,1.0,0.004124798862213895,0.11618081830715359,0.24340955252356528,0.29544005622124553,10,1.0,20,1.0
50,10,4,0,0.005349370993352294,0.13736088328636584,0.22475950636454511,0.5370096398201837,10,1.0,0.03919118870358616,0.22503394586094122,0.6221191771891721,0.4065214206028935,10,1.0,20,1.0
50,10,4,1,0.0023578825802944127,0.09456093474073593,0.17672590221982554,0.3269245654281708,10,1.0,0.012805227890930578,0.15502980090814095,0.389088400733985,0.18309839770282474,10,1.0,20,1.0
50,10,5,0,0.0037564321529022183,0.15604393977759407,0.1827778643914868,0.3491116443530448,10,1.0,0.03959414568120717,0.22675867772514824,0.5999218756967274,0.29074315426755504,10,1.0,20,1.0
50,10,5,1,0.002607324436382599,0.11520273676718447,0.1403657102627407,0.11808488106864007,10,1.0,0.018063513754813423,0.17168634099917143,0.4671306199587687,0.14009291823062198,10,1.0,20,1.0
100,3,1,0,0.0005529548262345083,0.04926332730748312,0.08131471920820532,0.15108067846253168,10,1.0,0.02385146659895169,0.27986919695539025,0.45110467338324345,0.4547886478982957,10,1.0,20,1.0
100,3,1,1,0.00014203792118702572,0.03374543014859727,0.03736548203310952,0.3229751555156849,10,1.0,0.014858536588886972,0.15062086868128433,0.34206984263954954,0.27212410221017735,10,1.0,20,1.0
100,3,2,0,0.0002650052926123383,0.04246958420513403,0.056918986574751584,0.6691020603151884,10,1.0,0.01677467392849119,0.18120351099151263,0.3908108732928622,0.498112366529827,10,1.0,20,1.0
100,3,2,1,0.00010627944834112164,0.026591695706084363,0.037332907206192645,0.41098286603286294,10,1.0,0.0007684883458209169,0.04524601545619635,0.1096181013737959,0.6081209378761067,10,1.0,20,1.0
100,3,3,0,0.0009329324588246609,0.061161589719031836,0.09114634665426613,0.4900247168745341,10,1.0,0.01673456360210612,0.183986217378708,0.38450342775437985,0.4059248133153744,10,1.0,20,1.0
100,3,3,1,0.00031653111741175084,0.03654617258742042,0.06766814020445733,0.3950494636327626,10,1.0,0.002663042474670461,0.0713392686294388,0.15652354751542874,0.5672165358305052,10,1.0,20,1.0
100,3,4,0,0.0031216134524000524,0.11722205532661109,0.16898817902884622,0.5484837408584293,10,1.0,0.03559351085733292,0.21266152083975962,0.4671103132207077,0.3044041013501903,10,1.0,20,1.0
100,3,4,1,0.001276825225744668,0.07305067966576236,0.10584446658658908,0.4167624814622687,10,1.0,0.019818118315022417,0.15972901840662132,0.43394469415548764,0.5190651607090899,10,1.0,20,1.0
100,3,5,0,0.006201339263571847,0.16386923789066257,0.22949332411089707,0.5524756842585261,10,1.0,0.048312873829986204,0.24939531037707247,0.5101616869303549,0.23016096030209407,10,1.0,20,1.0
100,3,5,1,0.005475704442436606,0.13566321952602226,0.21743385566305173,0.5488581103482214,10,1.0,0.033785129234767744,0.2115661241459219,0.4962030648743813,0.3896452603484106,10,1.0,20,1.0
100,5,1,0,0.0004661081971798017,0.05225265586273511,0.06719885459493569,0.05593171312853189,10,1.0,0.025080373734879712,0.2412058284666975,0.45459933344996717,0.3897465022304405,10,1.0,20,1.0
100,5,1,1,0.00020453027348226547,0.026683314345597075,0.05077377373373415,0.07981725587909148,10,1.0,0.0015107950436962663,0.05714966111114154,0.14224295482361538,0.3766900990388611,10,1.0,20,1.0
100,5,2,0,9.505287158857438e-05,0.031015353958394463,0.02860849111564867,0.39996469510498284,10,1.0,0.010079578738070121,0.13735321815833282,0.3191029905910053,0.4869114429648395,10,1.0,20,1.0
100,5,2,1,0.00011164774093782478,0.030250278483686728,0.0314608989697025,0.39097839585183763,10,1.0,0.00038538591965663245,0.0421713484647719,0.05689089552036086,0.23441760386311658,10,1.0,20,1.0
100,5,3,0,0.000852367624949169,0.05636331644106611,0.08544117791385863,0.5247933010078891,10,1.0,0.01646892466703139,0.16388305117451302,0.3671838376162419,0.5863148617244912,10,1.0,20,1.0
100,5,3,1,0.0003203960730892564,0.040190100883922705,0.06571872833003412,0.12279708168776701,10,1.0,0.0013322641556619184,0.06505685167850289,0.12364582932842694,0.048162959532759515,10,1.0,20,1.0
100,5,4,0,0.0034359476686288562,0.11562749319920487,0.17765516695073513,0.5361811861156368,10,1.0,0.03198799632862414,0.20184952228894587,0.4731448173576709,0.3037365051269603,10,1.0,20,1.0
100,5,4,1,0.00138837733879588,0.06947346622627092,0.12874514773820478,0.22646214339279616,10,1.0,0.011513262675903312,0.1315919801967338,0.3585470127935805,0.3551361907890483,10,1.0,20,1.0
100,5,5,0,0.006566057346475041,0.16287950698484735,0.2363607895748041,0.5327104020873229,10,1.0,0.045108708242532436,0.23962755072774017,0.5026768300180187,0.22656864972659524,10,1.0,20,1.0
100,5,5,1,0.005013001485152458,0.13037038989668476,0.214128660386545,0.5170556155042698,10,1.0,0.024312808097469378,0.1843249602022138,0.4603189097207647,0.35315237551327844,10,1.0,20,1.0
100,7,1,0,0.00030953868277975736,0.04469431096293937,0.05308054729392364,0.09157903675286669,10,1.0,0.02635700224311701,0.22035046532244135,0.4460707437530311,0.33373755806201794,10,1.0,20,1.0
100,7,1,1,0.00020656335071132147,0.03265856916801771,0.045131431049971416,0.30438522952031943,10,1.0,0.0006101889665389746,0.047190121114969515,0.08941391712845714,0.26448160117666797,10,1.0,20,1.0
100,7,2,0,9.485671683021862e-05,0.032383378600709015,0.02998811143224822,0.26805860324672603,10,1.0,0.009633298729773743,0.1341571894746803,0.29792039944233595,0.5124642704545047,10,1.0,20,1.0
100,7,2,1,0.00010387642860274256,0.039543580395331915,0.03528001536449499,0.33774263271363525,10,1.0,0.0038389364064808384,0.08199327845809802,0.19485518713117445,0.5174741476891277,10,1.0,20,1.0
100,7,3,0,0.0007428255511967602,0.05106287368122735,0.08029239631611718,0.47827904479014416,10,1.0,0.014546611529601433,0.15138868546059508,0.35998953438521025,0.5770872812668045,10,1.0,20,1.0
100,7,3,1,0.00034143692932942133,0.04010499324801016,0.06602927936261971,0.4295746930730382,10,1.0,0.002587626436969213,0.0812019575166334,0.15997966914468387,0.4802358662153071,10,1.0,20,1.0
100,7,4,0,0.0025905558550891267,0.10339878503243335,0.1614812391020971,0.47457084907813385,10,1.0,0.02626179533378125,0.18425183301989026,0.4266528037630876,0.3593224585540088,10,1.0,20,1.0
100,7,4,1,0.0006404253189771942,0.05646227454750673,0.08732053414331475,0.23831130974910977,10,1.0,0.0074101202944656195,0.11425219412927845,0.2158985392552682,0.198792636392054,10,1.0,20,1.0
100,7,5,0,0.006673612089076267,0.16237907418541764,0.24476040822423617,0.5001478273544475,10,1.0,0.040313171118970134,0.2269278657808293,0.5033883478493102,0.2704779429735729,10,1.0,20,1.0
100,7,5,1,0.004781286739397693,0.12988306581085549,0.19478029478713188,0.46785884298771513,10,1.0,0.02060497539132774,0.1707674184320272,0.4324330181757706,0.37517661977693145,10,1.0,20,1.0
100,10,1,0,0.00022447814114896092,0.0373661390063942,0.04636972903692138,0.16139880406840518,10,1.0,0.02349228193483118,0.18880184382771342,0.40916371995607814,0.2982280803339708,10,1.0,20,1.0
100,10,1,1,0.0008328315739810094,0.04061725686910481,0.10491993807471067,0.2666372477866941,10,1.0,0.004116215743639719,0.08060943711368904,0.21212755157793894,0.2731903467777252,10,1.0,20,1.0
100,10,2,0,7.333255770005353e-05,0.026069156261684316,0.029627431209674593,0.14160791914965704,10,1.0,0.006801158215616545,0.1080199794096565,0.2675304216234683,0.5277573311614479,10,1.0,20,1.0
100,10,2,1,0.0003236664774998592,0.04048987280224779,0.06239816432526535,0.6661007476388385,10,1.0,0.0059089958837111895,0.09702012738618448,0.2246093996042981,0.5688528268967217,10,1.0,20,1.0
100,10,3,0,0.0009638949785456565,0.056113699869720444,0.10048308372755255,0.5083027763581691,10,1.0,0.01594901657019567,0.1542128686013533,0.3823462327195594,0.5896319107892015,10,1.0,20,1.0
100,10,3,1,0.0005361667421698722,0.042046238832035975,0.07859340977324103,0.2849442340101317,10,1.0,0.005113676004735725,0.09915079797697898,0.22052887909408248,0.46953922312585933,10,1.0,20,1.0
100,10,4,0,0.0034860924258079302,0.11368668382163694,0.1706610836393484,0.5678756184271341,10,1.0,0.033376678775143956,0.206144481657333,0.46731642844637505,0.31973221142297237,10,1.0,20,1.0
100,10,4,1,0.0009579796908956818,0.06370057007320282,0.10493661850676739,0.09757621277905383,10,1.0,0.012213194306793162,0.13615982009893174,0.31100279891568394,0.15608186520560446,10,1.0,20,1.0
100,10,5,0,0.007679021519291139,0.16949853129834377,0.24993657241578082,0.5386795107614112,10,1.0,0.044661695110896654,0.23958848211975772,0.5046643466073882,0.23380905931583898,10,1.0,20,1.0
100,10,5,1,0.004855536315218998,0.1316212169297458,0.1981858608100413,0.5274802407748386,10,1.0,0.019050280401240915,0.16728111142933144,0.4222817477820422,0.3063469843676191,10,1.0,20,1.0
200,3,1,0,0.00041869255968803926,0.04818352883079273,0.05706398607817609,0.1640051145917708,10,1.0,0.024698080103742352,0.2548568282895437,0.450542272239118,0.41531900253189674,10,1.0,20,1.0
200,3,1,1,0.00011965395630267657,0.029515095337296605,0.03451495082735723,0.19357098035362022,10,1.0,0.01395511986455041,0.141147666715232,0.34213601408583183,0.30159633323366886,10,1.0,20,1.0
200,3,2,0,0.000470524864286139,0.052667668957566596,0.07404982430533857,0.48374255271817984,10,1.0,0.020342402871184745,0.18688052646958614,0.4529307240347641,0.4834078213079938,10,1.0,20,1.0
200,3,2,1,5.5778028740891774e-05,0.02235839804724196,0.023467453535248373,0.33235692771361564,10,1.0,0.0008559215450735268,0.04158523531756081,0.1069074394952414,0.4677657523244966,10,1.0,20,1.0
200,3,3,0,0.0008239366602016676,0.05763884352302266,0.09140904089144064,0.48397596167752327,10,1.0,0.019282994633779842,0.1847177257418723,0.4428945087416845,0.4434251024981845,10,1.0,20,1.0
200,3,3,1,0.0003546287418219354,0.03563303436235153,0.0590377982368524,0.01742607205197796,10,1.0,0.004061899950923264,0.07834647324932839,0.2166393565396847,0.49574322264047965,10,1.0,20,1.0
200,3,4,0,0.003529416285209124,0.11309238359854996,0.1730332085339068,0.5790970630422312,10,1.0,0.04028228101517995,0.2228623373614441,0.5252248655674138,0.31272197799895185,10,1.0,20,1.0
200,3,4,1,0.001717658605306524,0.07680609527096283,0.13009076431409672,0.49300032346628214,10,1.0,0.02343215854303743,0.16881618950586938,0.48312313423333325,0.550018396377154,10,1.0,20,1.0
200,3,5,0,0.006190571063546962,0.16737689575709414,0.22692628624389977,0.5946212575988126,10,1.0,0.04811421561858144,0.24379145373651614,0.532542574347303,0.24140530222621254,10,1.0,20,1.0
200,3,5,1,0.005306189891703197,0.1358953935286608,0.22176738803061757,0.5456724398822709,10,1.0,0.03102337180276828,0.1962984551458839,0.5007221298015345,0.41176513990027774,10,1.0,20,1.0
200,5,1,0,0.0004517248391493111,0.05354851761581146,0.06124615181166193,0.188645928302976,10,1.0,0.0243963763327683,0.22140304612901202,0.44421271104957594,0.36573896223546387,10,1.0,20,1.0
200,5,1,1,9.949930026585479e-05,0.023645926904720352,0.03669201825126778,0.30407849974250617,10,1.0,0.0014391874853076458,0.04766549289190892,0.12763208322503428,0.5285362535068612,10,1.0,20,1.0
200,5,2,0,0.00019829409524757844,0.037235586675590154,0.04713962842160113,0.48353883005839915,10,1.0,0.01287766147765811,0.14557100607386536,0.37168324499570826,0.4761785144048237,10,1.0,20,1.0
200,5,2,1,0.00018243033540952988,0.028340621120917175,0.05029231809490842,0.35933264053063263,10,1.0,0.00036356096173305346,0.03490136572962137,0.05828724449291278,0.03560704673884254,10,1.0,20,1.0
200,5,3,0,0.0008130026957712484,0.05455584190942322,0.09026786056550096,0.4891068743965475,10,1.0,0.018837508679513015,0.16715023082356034,0.4250196914057003,0.58809028689612,10,1.0,20,1.0
200,5,3,1,0.0005036232738249563,0.041944707621111785,0.06480154168097374,0.25658007487230755,10,1.0,0.0009374498250757769,0.054620474126892214,0.07025944720323085,0.21722515766844558,10,1.0,20,1.0
200,5,4,0,0.003871531514526694,0.11361587903087204,0.19542527834222478,0.49323845492204776,10,1.0,0.03561992845918359,0.21007441486272987,0.5239304981578454,0.30825762458803746,10,1.0,20,1.0
200,5,4,1,0.0012360665621112842,0.06405554098065426,0.10604398578690721,0.24625890743834208,10,1.0,0.012681211002578883,0.1284483350304944,0.3708052723119125,0.46685625069011927,10,1.0,20,1.0
200,5,5,0,0.006645343214224891,0.16640925424076197,0.2470862335350107,0.5722306149608843,10,1.0,0.045336541988212645,0.23672775015262876,0.5205794486507633,0.2377306609010441,10,1.0,20,1.0
200,5,5,1,0.0037861207866046625,0.12232712235961278,0.1774727354772857,0.5714165730535655,10,1.0,0.02324136296768505,0.1717626717202807,0.4740994336674009,0.44332557628848307,10,1.0,20,1.0
200,7,1,0,0.0003372969830739955,0.049493609320509335,0.05585218660904634,0.09496471722637759,10,1.0,0.024421556352561644,0.20539400680888437,0.4308188996322555,0.34244224266438483,10,1.0,20,1.0
200,7,1,1,0.00013025862462198867,0.024602202253680375,0.03948247800320326,0.19224790369819003,10,1.0,0.00030181176837266413,0.032219396391760406,0.05388890245786315,0.3508772733579964,10,1.0,20,1.0
200,7,2,0,0.000155234608880176,0.03325610020574123,0.04052553215900745,0.5814307351382887,10,1.0,0.012509335250871181,0.14411932064026062,0.35025866847528564,0.5233875301142662,10,1.0,20,1.0
200,7,2,1,0.0002317220359079838,0.02927683663868903,0.047649015821653595,0.012551744001377986,10,1.0,0.0036807608206628007,0.07592166689304393,0.19873908029381848,0.4703342716973563,10,1.0,20,1.0
200,7,3,0,0.0005419521298385699,0.04645276308418877,0.07274691250093046,0.3423175770543752,10,1.0,0.01627575356067295,0.1551169955898272,0.41064425524417986,0.5694707621171361,10,1.0,20,1.0
200,7,3,1,0.0003852345708121942,0.03887363682490859,0.06219693037095142,0.301276764511409,10,1.0,0.0031808513790830654,0.08066965088710157,0.1860355111817168,0.49774472213334586,10,1.0,20,1.0
200,7,4,0,0.0035586086722932237,0.10775265101627078,0.1969484002990185,0.4436511587487107,10,1.0,0.030054323451104824,0.19295473426685608,0.4863937195581615,0.3750920025325249,10,1.0,20,1.0
200,7,4,1,0.0006697084434792121,0.05256471243023224,0.08253493791728372,0.1486039356296222,10,1.0,0.006307101099690837,0.1006869893782274,0.23208089087123374,0.2449777637864526,10,1.0,20,1.0
200,7,5,0,0.006847108912313928,0.16558787060821745,0.24126533878496625,0.5468954148739439,10,1.0,0.04088306841377163,0.22569659199723313,0.521237192441903,0.29226660552440237,10,1.0,20,1.0
200,7,5,1,0.004346951931988264,0.12658502583981782,0.19781192475646847,0.5250597864568729,10,1.0,0.019137993564260637,0.15564543400155384,0.46177252831051463,0.48020407496856343,10,1.0,20,1.0
200,10,1,0,0.00012978829711685565,0.037537989130136826,0.03534955613005353,0.3389846808813325,10,1.0,0.021150225812597376,0.17620428131297308,0.4044952895464699,0.3344505218597011,10,1.0,20,1.0
200,10,1,1,9.936177280812225e-05,0.030145178301805457,0.028333855545863984,0.07435455540761395,10,1.0,0.0027798268273526985,0.06776926309761164,0.17799058065955142,0.3950765925490705,10,1.0,20,1.0
200,10,2,0,0.00014749487295482455,0.02936914133155339,0.041473722732359386,0.45937360382232,10,1.0,0.009530760969305992,0.11911422377587835,0.32006305504522947,0.5328334067904817,10,1.0,20,1.0
200,10,2,1,0.00019756830598083343,0.03049061945664467,0.05170511188475002,0.3106446644134296,10,1.0,0.005744102516913099,0.09380177444577911,0.2093727628522406,0.5957943603179646,10,1.0,20,1.0
200,10,3,0,0.0008865504336362901,0.05446327763363962,0.08912145585913722,0.41601006695833287,10,1.0,0.018325677867034994,0.15824479262934457,0.43775898196029683,0.5711014096389923,10,1.0,20,1.0
200,10,3,1,0.0005150391406388017,0.042102251528767495,0.06523279275385052,0.471966653848543,10,1.0,0.0073240646730286674,0.10735455658174162,0.2673655510290703,0.5782748010478694,10,1.0,20,1.0
200,10,4,0,0.0041735898625214944,0.11449584574206266,0.19427927709482373,0.5557881990603207,10,1.0,0.03732410221666256,0.21494393682224966,0.5125428933437147,0.3327667957258642,10,1.0,20,1.0
200,10,4,1,0.0006801503465950668,0.05810613683790531,0.07640754093692037,0.19630077479535557,10,1.0,0.009540647344134845,0.11568249021190698,0.3010795548191147,0.26606527216610276,10,1.0,20,1.0
200,10,5,0,0.007877312766066888,0.174509353161243,0.2478979556397818,0.5885003784808545,10,1.0,0.043998676448162896,0.23416827693949172,0.5230677496362178,0.25149320444702916,10,1.0,20,1.0
200,10,5,1,0.005244535974071756,0.13810671779638706,0.21765482456498453,0.5324464838373604,10,1.0,0.016882776051868054,0.15368004446188493,0.4279774774139131,0.31411964859975905,10,1.0,20,1.0
300,3,1,0,0.00043498272133122987,0.04831533364230198,0.06241749743402736,0.02539766723379501,10,1.0,0.0213842798753139,0.27157168157373135,0.43473303913968125,0.44143331272664676,10,1.0,20,1.0
300,3,1,1,0.0001270395253939047,0.028468566275148786,0.03119133317948064,0.09775655260283594,10,1.0,0.012116672596191877,0.1320019578798085,0.3173923547138408,0.33192162444132145,10,1.0,20,1.0
300,3,2,0,0.00046239049177064967,0.052567051047193815,0.07114252625979678,0.5161941365140951,10,1.0,0.020040944164530304,0.18536698897284895,0.45002950908404205,0.5096101286141813,10,1.0,20,1.0
300,3,2,1,6.838801277634294e-05,0.02185306809192967,0.026230484251932196,0.5103033259314039,10,1.0,0.000774030706238497,0.03990294946506842,0.09770100516265157,0.5701280938018964,10,1.0,20,1.0
300,3,3,0,0.001385407304531262,0.0698408643654193,0.11560277147303744,0.49996556922457075,10,1.0,0.02000185799158533,0.19330827798852726,0.43815430600950606,0.4342723437958493,10,1.0,20,1.0
300,3,3,1,0.00018790077402514158,0.033376000635816215,0.03882470250713477,0.19302833365108785,10,1.0,0.0036642411950958986,0.0779412280645991,0.1967675215078768,0.5292287152796598,10,1.0,20,1.0
300,3,4,0,0.005420517783709984,0.13638555638172783,0.21268456512247003,0.5785309504505054,10,1.0,0.040815214312354325,0.2250950544865864,0.5272048043305996,0.3692866153577546,10,1.0,20,1.0
300,3,4,1,0.0025284278688240446,0.09058790501115306,0.14472963496922542,0.576859042326647,10,1.0,0.025545719935607624,0.17746575838591003,0.48888512278842733,0.5736743301441055,10,1.0,20,1.0
300,3,5,0,0.00785452392837955,0.18428059599035684,0.2412319986108461,0.583521626104819,10,1.0,0.05079515262772459,0.251524183622402,0.542171404596346,0.26572141586491643,10,1.0,20,1.0
300,3,5,1,0.007798190495687696,0.15531270130022234,0.261508437993177,0.6126467047661073,10,1.0,0.037365651325868124,0.2153320432437788,0.5330449355853004,0.4490502099211143,10,1.0,20,1.0
300,5,1,0,0.0005113552718237679,0.055503669319628954,0.06644897642135905,0.15878353321490515,10,1.0,0.022769375548343847,0.22691498987090916,0.4456768718311094,0.40560908562843406,10,1.0,20,1.0
300,5,1,1,0.00011528277332714997,0.021003576669049805,0.039844589729852165,0.17948608418907358,10,1.0,0.0010594502364206575,0.04281308959608031,0.11049824687491461,0.4782779588059901,10,1.0,20,1.0
300,5,2,0,0.00024386127959319712,0.03919397208976281,0.044783273149577085,0.5768081198075424,10,1.0,0.012192969334509722,0.14169007089137767,0.3604495163086463,0.5155023868545284,10,1.0,20,1.0
300,5,2,1,8.277567950604601e-05,0.02500334191760693,0.037769955090630636,0.25837773225910027,10,1.0,0.0003538663716232782,0.03587553086612562,0.05608997398727289,0.2886181398952395,10,1.0,20,1.0
300,5,3,0,0.0011522456486387366,0.062173706172839883,0.09869815275954763,0.5528669669114039,10,1.0,0.019513110836194066,0.17220233556385942,0.41959200032339594,0.5930687141221426,10,1.0,20,1.0
300,5,3,1,0.00025586339551284855,0.03694804830656897,0.05230404881909756,0.028300535241120053,10,1.0,0.0006921369209087647,0.05220542661170822,0.07605242543188195,0.0715050602068823,10,1.0,20,1.0
300,5,4,0,0.005089163096151721,0.12972611493414163,0.21230645443376717,0.5784040285832287,10,1.0,0.03603025220718515,0.21086212070398136,0.5247164027115173,0.38086389345833327,10,1.0,20,1.0
300,5,4,1,0.0017156060481115583,0.07405898403937358,0.1376402536933483,0.454800515841421,10,1.0,0.01445871226045268,0.13806933714697467,0.39314864942740174,0.5352721539968852,10,1.0,20,1.0
300,5,5,0,0.008085381940106554,0.1803389091964801,0.25631716372031055,0.5687906387319327,10,1.0,0.046364249227750946,0.24051675238917883,0.5350926430034071,0.2691648154176172,10,1.0,20,1.0
300,5,5,1,0.005625368218620937,0.1370457862283216,0.21133943026580948,0.5712870932685817,10,1.0,0.029234007562072634,0.1927306473861194,0.5208868445285666,0.4812883532402793,10,1.0,20,1.0
300,7,1,0,0.00028875472116343746,0.04652342332928644,0.05361182838915002,0.04958783572605336,10,1.0,0.02268087904609357,0.2055900640007749,0.42739189308222914,0.3707409488132391,10,1.0,20,1.0
300,7,1,1,0.00022809689304908835,0.02887464976247277,0.05117101955892411,0.0737017643582698,10,1.0,0.00040933290923729563,0.03803606316052892,0.06547785790559857,0.0779018552601505,10,1.0,20,1.0
300,7,2,0,0.00011364828326859236,0.030844348413644206,0.039043540007818955,0.54271093256904,10,1.0,0.010865728821031649,0.13376626213622922,0.32674769634460743,0.5415917003623665,10,1.0,20,1.0
300,7,2,1,7.011582006588888e-05,0.028479272596986162,0.032260441163109665,0.39616053362910597,10,1.0,0.002468039949785435,0.06842880363211531,0.15314532261084168,0.45852786592463524,10,1.0,20,1.0
300,7,3,0,0.0008399534513217156,0.05367860411680031,0.08354442535897366,0.5075639195532468,10,1.0,0.017099651799860872,0.1604925672742195,0.40413696235357305,0.5741297377093467,10,1.0,20,1.0
300,7,3,1,0.00018563184506702838,0.035929000130670914,0.03910032729744717,0.14066808107970327,10,1.0,0.002789648399146626,0.07721795906802952,0.1531979713184567,0.4687083949048377,10,1.0,20,1.0
300,7,4,0,0.004393849486653626,0.11872415356508974,0.20580633006537152,0.55582110725572,10,1.0,0.031357740521011056,0.1962598286848015,0.4881110534569967,0.4477697465804161,10,1.0,20,1.0
300,7,4,1,0.0007205367792699751,0.05823657307178637,0.08844874528096369,0.27773242852358027,10,1.0,0.008078361037109611,0.11656202123526194,0.2409144969595724,0.34584760997242814,10,1.0,20,1.0
300,7,5,0,0.008799331493820733,0.17774850361595523,0.26306154745510224,0.5909950232752527,10,1.0,0.04401366868144232,0.23484560791055972,0.5492899582978625,0.33710726923672696,10,1.0,20,1.0
300,7,5,1,0.006015869620221941,0.1419782785558064,0.21368755412192153,0.5437210512603576,10,1.0,0.024243849590620016,0.17736048921311373,0.4828696329241694,0.5076853058220384,10,1.0,20,1.0
300,10,1,0,0.0002246744582336569,0.040261554403351496,0.04242288400503691,0.32318242816599985,10,1.0,0.019640806675348933,0.17354741652892075,0.3994703137566055,0.3620063913585224,10,1.0,20,1.0
300,10,1,1,0.00024534399819083416,0.031116509061889074,0.05309339204160801,0.08740415803086052,10,1.0,0.0033064116174367497,0.07452599720522249,0.2004304936030119,0.3239800754815792,10,1.0,20,1.0
300,10,2,0,0.0001111176542273091,0.029753851705115304,0.03852557517644595,0.4956439776887418,10,1.0,0.00800465098486509,0.11090603415668898,0.28709072454192497,0.5513034106275725,10,1.0,20,1.0
300,10,2,1,0.0001754738470495033,0.03132497816374547,0.04562509487979827,0.04577055781730933,10,1.0,0.005678395505965593,0.0960928590058278,0.22053248034392753,0.5378078818109502,10,1.0,20,1.0
300,10,3,0,0.0010568833054463004,0.05802319444200421,0.1031496788901809,0.5295449924234431,10,1.0,0.018490822439232724,0.16137204174674397,0.42651547242294896,0.5946543692944143,10,1.0,20,1.0
300,10,3,1,0.00038309374253953424,0.04186099224062813,0.05520587144215017,0.12381520371322755,10,1.0,0.0063498352445756565,0.10727292484017045,0.2415220019265697,0.4796581070265797,10,1.0,20,1.0
300,10,4,0,0.005824844688531344,0.13388969810770313,0.21519925194515865,0.5774613542205085,10,1.0,0.0386718695976198,0.2179181283282023,0.523054273178206,0.39418908558453475,10,1.0,20,1.0
300,10,4,1,0.0008650094949065677,0.062306477046276475,0.1001106979150489,0.3068542853868557,10,1.0,0.012168161886350136,0.13243849300069876,0.33007979140300553,0.2798919870025115,10,1.0,20,1.0
300,10,5,0,0.009678418432651856,0.18985556666151568,0.26607465475839664,0.6056212835315404,10,1.0,0.046947817612987705,0.24267638600017233,0.5440833520454491,0.30129996137950815,10,1.0,20,1.0
300,10,5,1,0.006280829163739338,0.14472528690940217,0.21443396690767635,0.6228407096196459,10,1.0,0.021937154584224367,0.17005674025333478,0.4741056712444866,0.4493528640191246,10,1.0,20,1.0
